{
    "sampp_event": {
      "sessionEvent": {
        "psn": "655551-E2-10",
        "start_time": "2021-09-17T07:31:00.722Z",
        "end_time": "",
        "network_id": "14",
        "network_name": "meldCx_Skunkworks",
        "site_id": "624",
        "site_name": "Nespresso Savigny",
        "location_id": "684",
        "location_name": "SuperTable23",
        "feeder_location_name": "SuperTable23",
        "feeder_site_name": "Nespresso Savigny",
        "floorplan_id": "281",
        "planogram_id": "124",
        "shelf_id": "62",
        "session_id": "00004",
        "overall_status": "failed",
        "system_compliance": {
          "status": "failed",
          "events": [{
            "event_code": "sampp_0005",
            "eventtype_code": "ST",
            "event_type": "Packing Session Started",
            "event_name": "PTL Refresh Failure",
            "event_description": "Start Check 1: MPTL displays a new code",
            "event_status": "Passed",
            "timestamp": "2021-09-17T07:31:00.722Z",
            "is_criticalevent": "False",
            "error_level": "None",
            "app_code": "sampp",
            "is_manifested": "Yes",
            "confidence": "98.4",
            "scene_id": "1285",
            "ar_id": "1516",
            "section_id": "1270",
            "cam_id": "3860",
            "feeder_id": "3860",
            "camera_name": "Feeder DESKTOP-I7RAI aba08bd0-bfa4-11ec-8647-f994b7e2c9c1",
            "feeder_name": "Feeder DESKTOP-I7RAI aba08bd0-bfa4-11ec-8647-f994b7e2c9c1"
          },{
            "event_code": "sampp_0005",
            "eventtype_code": "ST",
            "event_type": "Packing Session Started",
            "event_name": "PTL Refresh Failure",
            "event_description": "Start Check 1: MPTL displays a new code",
            "event_status": "Passed",
            "timestamp": "2021-09-17T07:31:00.722Z",
            "is_criticalevent": "False",
            "error_level": "None",
            "app_code": "sampp",
            "is_manifested": "Yes",
            "confidence": "98.4",
            "scene_id": "1285",
            "ar_id": "1517",
            "section_id": "1270",
            "cam_id": "3860",
            "feeder_id": "3860",
            "camera_name": "Feeder DESKTOP-I7RAI aba08bd0-bfa4-11ec-8647-f994b7e2c9c1",
            "feeder_name": "Feeder DESKTOP-I7RAI aba08bd0-bfa4-11ec-8647-f994b7e2c9c1"
          },{
            "event_code": "sampp_0015",
            "eventtype_code": "ST",
            "event_type": "Packing Session Started",
            "event_name": "New MPTL",
            "event_description": "Start Check 1: MPTL displays a new code",
            "event_status": "Passed",
            "timestamp": "2021-09-17T07:31:00.722Z",
            "is_criticalevent": "False",
            "error_level": "None",
            "app_code": "sampp",
            "is_manifested": "Yes",
            "confidence": "98.4",
            "scene_id": "1285",
            "ar_id": "1518",
            "section_id": "1270",
            "cam_id": "3860",
            "feeder_id": "3860",
            "camera_name": "Feeder DESKTOP-I7RAI aba08bd0-bfa4-11ec-8647-f994b7e2c9c1",
            "feeder_name": "Feeder DESKTOP-I7RAI aba08bd0-bfa4-11ec-8647-f994b7e2c9c1"
          }
        ]
        },
        "planogram_compliance": {
          "status": "passed",
          "events": [{
            "event_code": "sampp_0015",
            "eventtype_code": "ST",
            "event_type": "Packing Session Started",
            "event_name": "New MPTL",
            "event_description": "Start Check 1: MPTL displays a new code",
            "event_status": "Passed",
            "timestamp": "2021-09-17T07:31:00.722Z",
            "is_criticalevent": "False",
            "error_level": "None",
            "app_code": "sampp",
            "is_manifested": "Yes",
            "confidence": "98.4",
            "scene_id": "1289",
            "ar_id": "1519",
            "section_id": "1270",
            "cam_id": "3860",
            "feeder_id": "3860",
            "camera_name": "Feeder DESKTOP-I7RAI aba08bd0-bfa4-11ec-8647-f994b7e2c9c1",
            "feeder_name": "Feeder DESKTOP-I7RAI aba08bd0-bfa4-11ec-8647-f994b7e2c9c1"
          },{
            "event_code": "sampp_0019",
            "eventtype_code": "ST",
            "event_type": "Packing Session Started",
            "event_name": "New MPTL",
            "event_description": "Start Check 1: MPTL displays a new code",
            "event_status": "Passed",
            "timestamp": "2021-09-17T07:31:00.722Z",
            "is_criticalevent": "False",
            "error_level": "None",
            "app_code": "sampp",
            "is_manifested": "Yes",
            "confidence": "98.4",
            "scene_id": "1290",
            "ar_id": "1520",
            "section_id": "1270",
            "cam_id": "3860",
            "feeder_id": "3860",
            "camera_name": "Feeder DESKTOP-I7RAI aba08bd0-bfa4-11ec-8647-f994b7e2c9c1",
            "feeder_name": "Feeder DESKTOP-I7RAI aba08bd0-bfa4-11ec-8647-f994b7e2c9c1"
          },{
            "event_code": "sampp_0019",
            "eventtype_code": "ST",
            "event_type": "Packing Session Started",
            "event_name": "New MPTL",
            "event_description": "Start Check 1: MPTL displays a new code",
            "event_status": "Passed",
            "timestamp": "2021-09-17T07:31:00.722Z",
            "is_criticalevent": "False",
            "error_level": "None",
            "app_code": "sampp",
            "is_manifested": "Yes",
            "confidence": "98.4",
            "scene_id": "1291",
            "ar_id": "1521",
            "section_id": "1270",
            "cam_id": "3860",
            "feeder_id": "3860",
            "camera_name": "Feeder DESKTOP-I7RAI aba08bd0-bfa4-11ec-8647-f994b7e2c9c1",
            "feeder_name": "Feeder DESKTOP-I7RAI aba08bd0-bfa4-11ec-8647-f994b7e2c9c1"
          }
        ]
        },
        "order_compliance": {
          "status": "passed",
          "events": [{
            "event_code": "sampp_0015",
            "eventtype_code": "ST",
            "event_type": "Packing Session Started",
            "event_name": "New MPTL",
            "event_description": "Start Check 1: MPTL displays a new code",
            "event_status": "Passed",
            "timestamp": "2021-09-17T07:31:00.722Z",
            "is_criticalevent": "False",
            "error_level": "None",
            "app_code": "sampp",
            "is_manifested": "Yes",
            "confidence": "98.4",
            "scene_id": "1285",
            "ar_id": "1592",
            "section_id": "1270",
            "cam_id": "3860",
            "feeder_id": "3860",
            "camera_name": "Feeder DESKTOP-I7RAI aba08bd0-bfa4-11ec-8647-f994b7e2c9c1",
            "feeder_name": "Feeder DESKTOP-I7RAI aba08bd0-bfa4-11ec-8647-f994b7e2c9c1"
          },{
            "event_code": "sampp_0015",
            "eventtype_code": "ST",
            "event_type": "Packing Session Started",
            "event_name": "New MPTL",
            "event_description": "Start Check 1: MPTL displays a new code",
            "event_status": "Passed",
            "timestamp": "2021-09-17T07:31:00.722Z",
            "is_criticalevent": "False",
            "error_level": "None",
            "app_code": "sampp",
            "is_manifested": "Yes",
            "confidence": "98.4",
            "scene_id": "1285",
            "ar_id": "1593",
            "section_id": "1270",
            "cam_id": "3860",
            "feeder_id": "3860",
            "camera_name": "Feeder DESKTOP-I7RAI aba08bd0-bfa4-11ec-8647-f994b7e2c9c1",
            "feeder_name": "Feeder DESKTOP-I7RAI aba08bd0-bfa4-11ec-8647-f994b7e2c9c1"
          },{
            "event_code": "sampp_0015",
            "eventtype_code": "ST",
            "event_type": "Packing Session Started",
            "event_name": "New MPTL",
            "event_description": "Start Check 1: MPTL displays a new code",
            "event_status": "Passed",
            "timestamp": "2021-09-17T07:31:00.722Z",
            "is_criticalevent": "False",
            "error_level": "None",
            "app_code": "sampp",
            "is_manifested": "Yes",
            "confidence": "98.4",
            "scene_id": "1285",
            "ar_id": "1594",
            "section_id": "1270",
            "cam_id": "3860",
            "feeder_id": "3860",
            "camera_name": "Feeder DESKTOP-I7RAI aba08bd0-bfa4-11ec-8647-f994b7e2c9c1",
            "feeder_name": "Feeder DESKTOP-I7RAI aba08bd0-bfa4-11ec-8647-f994b7e2c9c1"
          }
        ]
        }
      }
    }
  }